{"token_expiry": "2018-12-22T15:38:04Z", "_module": "oauth2client.client", "id_token": null, "refresh_token": "1/ZcJ8ZgIe5ycroGZNTFH0f9KdH9gYrlb7SFRCRiIB7Bg", "_class": "OAuth2Credentials", "client_secret": "n8N6u6Ec2mI2vvARIs2usBni", "user_agent": "Drive API Python Quickstart", "invalid": false, "token_uri": "https://www.googleapis.com/oauth2/v3/token", "revoke_uri": "https://oauth2.googleapis.com/revoke", "scopes": ["https://www.googleapis.com/auth/drive"], "access_token": "ya29.Glx6Bnb1lGuYEahxo-vB6k4_fRIzrkJZsNuWUfYh6Ksm8Uaj6Y4CbA-YA0NzSiP1fcbHWY3kFcUt6WBiPwpCm-FQNkR-hPGHTiZBIIC9lTRx3Q00UF1u8lYcFwXdMQ", "client_id": "18966737605-cs0c30rgdpknll93lqqdfscd9nqv38h5.apps.googleusercontent.com", "id_token_jwt": null, "token_response": {"token_type": "Bearer", "expires_in": 3600, "access_token": "ya29.Glx6Bnb1lGuYEahxo-vB6k4_fRIzrkJZsNuWUfYh6Ksm8Uaj6Y4CbA-YA0NzSiP1fcbHWY3kFcUt6WBiPwpCm-FQNkR-hPGHTiZBIIC9lTRx3Q00UF1u8lYcFwXdMQ", "scope": "https://www.googleapis.com/auth/drive"}, "token_info_uri": "https://oauth2.googleapis.com/tokeninfo"}